[
   {
      "model":"contenttypes.contenttype",
      "pk":1,
      "fields":{
         "app_label":"admin",
         "model":"logentry"
      }
   },
   {
      "model":"contenttypes.contenttype",
      "pk":2,
      "fields":{
         "app_label":"auth",
         "model":"permission"
      }
   },
   {
      "model":"contenttypes.contenttype",
      "pk":3,
      "fields":{
         "app_label":"auth",
         "model":"group"
      }
   },
   {
      "model":"contenttypes.contenttype",
      "pk":4,
      "fields":{
         "app_label":"auth",
         "model":"user"
      }
   },
   {
      "model":"contenttypes.contenttype",
      "pk":5,
      "fields":{
         "app_label":"contenttypes",
         "model":"contenttype"
      }
   },
   {
      "model":"contenttypes.contenttype",
      "pk":6,
      "fields":{
         "app_label":"sessions",
         "model":"session"
      }
   },
   {
      "model":"contenttypes.contenttype",
      "pk":7,
      "fields":{
         "app_label":"jobs",
         "model":"contact"
      }
   },
   {
      "model":"sessions.session",
      "pk":"fee0plo64ak74t8qgmp8tq1cpla5bmze",
      "fields":{
         "session_data":"NjJhYzQ5YjQzNGEwZDZjZDI2YjRiY2EzNWVjZWJhODc1ZGNhMjg0YTp7Il9hdXRoX3VzZXJfaWQiOiIxIiwiX2F1dGhfdXNlcl9iYWNrZW5kIjoiZGphbmdvLmNvbnRyaWIuYXV0aC5iYWNrZW5kcy5Nb2RlbEJhY2tlbmQiLCJfYXV0aF91c2VyX2hhc2giOiI3MzY5ZGY4N2FlZDgzYzM1OTVmYjE2ZTFmYzRhNWIwZjI5ZDU3YjI1In0=",
         "expire_date":"2017-07-25T09:55:51.226Z"
      }
   },
   {
      "model":"sessions.session",
      "pk":"oqueenr6xc638wlaqjulr0n4zuuadmji",
      "fields":{
         "session_data":"YmQ1N2M4YjQzNTM2YmNjZTczODAzZWM4ODQzY2ZmMWE0ZTU2MmQ0ZTp7Il9hdXRoX3VzZXJfaGFzaCI6IjczNjlkZjg3YWVkODNjMzU5NWZiMTZlMWZjNGE1YjBmMjlkNTdiMjUiLCJ3aXphcmRfYXBwbGljYXRpb25fd2l6YXJkIjp7ImV4dHJhX2RhdGEiOnt9LCJzdGVwIjoiZW1wbG95bWVudHN0YXR1cyIsInN0ZXBfZmlsZXMiOnsiY29udGFjdCI6e319LCJzdGVwX2RhdGEiOnsiY29udGFjdCI6eyJjb250YWN0LWNpdHkiOlsiU29kZHkgRGFpc3kiXSwiY29udGFjdC1hZGRyZXNzIjpbIjIwMDMgQmF0dGxlZ3JvdW5kIENpciJdLCJjb250YWN0LWZpcnN0X25hbWUiOlsiQW5kcmV3Il0sImNvbnRhY3QtbGFzdF9uYW1lIjpbIkR1bmNhbiJdLCJjb250YWN0LXBob25lIjpbIjQyMzg0NzExNzEiXSwiY29udGFjdC1lbWFpbCI6WyJhamR1bmNhbkBnbWFpbC5jb20iXSwiYXBwbGljYXRpb25fd2l6YXJkLWN1cnJlbnRfc3RlcCI6WyJjb250YWN0Il0sImNvbnRhY3Qtd29ya19lbGlnaWJpbGl0eV9wcm9vZiI6WyJUcnVlIl0sImNzcmZtaWRkbGV3YXJldG9rZW4iOlsiRUljMXVwV2VrMlBMTk9HV2FtdmNiVXdQMm9wb0EzN1giXSwiY29udGFjdC16aXBjb2RlIjpbIjM3Mzc5Il0sImNvbnRhY3QtYWRkcmVzczIiOlsiIl0sImNvbnRhY3QtbWlkZGxlX25hbWUiOlsiIl0sImNvbnRhY3Qtc3RhdGUiOlsiVE4iXX19fSwiX2F1dGhfdXNlcl9pZCI6IjEiLCJfYXV0aF91c2VyX2JhY2tlbmQiOiJkamFuZ28uY29udHJpYi5hdXRoLmJhY2tlbmRzLk1vZGVsQmFja2VuZCJ9",
         "expire_date":"2018-07-24T20:57:06.921Z"
      }
   },
   {
      "model":"sessions.session",
      "pk":"sw4u6pnpwf39l08qm39xqs1egjgqc6mh",
      "fields":{
         "session_data":"ZmViMjJhMjBmN2VmMTEwNzNjZTVkNmQ0ZWJmYzg5MzE5ZmU4YTU2MDp7IndpemFyZF9hcHBsaWNhdGlvbl93aXphcmQiOnsic3RlcF9kYXRhIjp7fSwic3RlcF9maWxlcyI6e30sInN0ZXAiOiJjb250YWN0IiwiZXh0cmFfZGF0YSI6e319LCJfYXV0aF91c2VyX2lkIjoiMSIsIl9hdXRoX3VzZXJfYmFja2VuZCI6ImRqYW5nby5jb250cmliLmF1dGguYmFja2VuZHMuTW9kZWxCYWNrZW5kIiwiX2F1dGhfdXNlcl9oYXNoIjoiNzM2OWRmODdhZWQ4M2MzNTk1ZmIxNmUxZmM0YTViMGYyOWQ1N2IyNSJ9",
         "expire_date":"2018-04-30T14:40:10.603Z"
      }
   },
   {
      "model":"jobs.contact",
      "pk":12,
      "fields":{
         "first_name":"Andrew",
         "middle_name":"",
         "last_name":"Duncan",
         "address":"2003 Battleground Cir",
         "address2":"",
         "city":"Soddy Daisy",
         "state":"TN",
         "zipcode":"37379",
         "phone":"423-847-1171",
         "email":"ajduncan@gmail.com",
         "work_eligibility_proof":true,
         "certified":true,
         "created_at":"2018-04-16T14:39:46.086Z",
         "updated_at":"2018-04-16T14:39:46.090Z",
         "notes":""
      }
   },
   {
      "model":"jobs.contact",
      "pk":13,
      "fields":{
         "first_name":"Andrew",
         "middle_name":"",
         "last_name":"Duncan",
         "address":"2003 Battleground Cir",
         "address2":"",
         "city":"Soddy Daisy",
         "state":"TN",
         "zipcode":"37379",
         "phone":"423-847-1171",
         "email":"ajduncan@gmail.com",
         "work_eligibility_proof":true,
         "certified":true,
         "created_at":"2018-07-04T21:27:45.400Z",
         "updated_at":"2018-07-04T21:27:45.405Z",
         "notes":""
      }
   },
   {
      "model":"jobs.contact",
      "pk":14,
      "fields":{
         "first_name":"Andrew",
         "middle_name":"",
         "last_name":"Duncan",
         "address":"2003 Battleground Cir",
         "address2":"",
         "city":"Soddy Daisy",
         "state":"TN",
         "zipcode":"37379",
         "phone":"423-847-1171",
         "email":"ajduncan@gmail.com",
         "work_eligibility_proof":true,
         "certified":true,
         "created_at":"2018-07-04T21:28:04.830Z",
         "updated_at":"2018-07-04T21:28:04.833Z",
         "notes":""
      }
   },
   {
      "model":"jobs.contact",
      "pk":15,
      "fields":{
         "first_name":"Andrew",
         "middle_name":"",
         "last_name":"Duncan",
         "address":"2003 Battleground Cir",
         "address2":"",
         "city":"Soddy Daisy",
         "state":"TN",
         "zipcode":"37379",
         "phone":"423-847-1171",
         "email":"ajduncan@gmail.com",
         "work_eligibility_proof":true,
         "certified":true,
         "created_at":"2018-07-04T21:38:52.679Z",
         "updated_at":"2018-07-04T21:38:52.684Z",
         "notes":""
      }
   },
   {
      "model":"jobs.contact",
      "pk":16,
      "fields":{
         "first_name":"Andrew",
         "middle_name":"",
         "last_name":"Duncan",
         "address":"2003 Battleground Cir",
         "address2":"",
         "city":"Soddy Daisy",
         "state":"TN",
         "zipcode":"37379",
         "phone":"423-847-1171",
         "email":"ajduncan@gmail.com",
         "work_eligibility_proof":true,
         "certified":true,
         "created_at":"2018-07-04T21:39:24.398Z",
         "updated_at":"2018-07-04T21:39:24.401Z",
         "notes":""
      }
   },
   {
      "model":"jobs.contact",
      "pk":17,
      "fields":{
         "first_name":"Andrew",
         "middle_name":"",
         "last_name":"Duncan",
         "address":"2003 Battleground Cir",
         "address2":"",
         "city":"Soddy Daisy",
         "state":"TN",
         "zipcode":"37379",
         "phone":"423-847-1171",
         "email":"ajduncan@gmail.com",
         "work_eligibility_proof":true,
         "certified":true,
         "created_at":"2018-07-04T21:47:30.202Z",
         "updated_at":"2018-07-04T21:47:30.205Z",
         "notes":""
      }
   },
   {
      "model":"jobs.contact",
      "pk":18,
      "fields":{
         "first_name":"Andrew",
         "middle_name":"",
         "last_name":"Duncan",
         "address":"2003 Battleground Cir",
         "address2":"",
         "city":"Soddy Daisy",
         "state":"TN",
         "zipcode":"37379",
         "phone":"423-847-1171",
         "email":"ajduncan@gmail.com",
         "work_eligibility_proof":true,
         "certified":true,
         "created_at":"2018-07-04T21:47:53.643Z",
         "updated_at":"2018-07-04T21:47:53.647Z",
         "notes":""
      }
   },
   {
      "model":"jobs.contact",
      "pk":19,
      "fields":{
         "first_name":"Andrew",
         "middle_name":"",
         "last_name":"Duncan",
         "address":"2003 Battleground Cir",
         "address2":"",
         "city":"Soddy Daisy",
         "state":"TN",
         "zipcode":"37379",
         "phone":"423-847-1171",
         "email":"ajduncan@gmail.com",
         "work_eligibility_proof":true,
         "certified":true,
         "created_at":"2018-07-04T21:49:33.184Z",
         "updated_at":"2018-07-04T21:49:33.188Z",
         "notes":""
      }
   },
   {
      "model":"jobs.contact",
      "pk":20,
      "fields":{
         "first_name":"Andrew",
         "middle_name":"",
         "last_name":"Duncan",
         "address":"2003 Battleground Cir",
         "address2":"",
         "city":"Soddy Daisy",
         "state":"TN",
         "zipcode":"37379",
         "phone":"423-847-1171",
         "email":"ajduncan@gmail.com",
         "work_eligibility_proof":true,
         "certified":true,
         "created_at":"2018-07-04T21:51:48.241Z",
         "updated_at":"2018-07-04T21:51:48.244Z",
         "notes":""
      }
   },
   {
      "model":"jobs.contact",
      "pk":21,
      "fields":{
         "first_name":"Andrew",
         "middle_name":"",
         "last_name":"Duncan",
         "address":"2003 Battleground Cir",
         "address2":"",
         "city":"Soddy Daisy",
         "state":"TN",
         "zipcode":"37379",
         "phone":"423-847-1171",
         "email":"ajduncan@gmail.com",
         "work_eligibility_proof":true,
         "certified":true,
         "created_at":"2018-07-04T22:03:55.357Z",
         "updated_at":"2018-07-04T22:03:55.361Z",
         "notes":""
      }
   },
   {
      "model":"jobs.contact",
      "pk":22,
      "fields":{
         "first_name":"Andrew",
         "middle_name":"",
         "last_name":"Duncan",
         "address":"2003 Battleground Cir",
         "address2":"",
         "city":"Soddy Daisy",
         "state":"TN",
         "zipcode":"37379",
         "phone":"423-847-1171",
         "email":"ajduncan@gmail.com",
         "work_eligibility_proof":true,
         "certified":true,
         "created_at":"2018-07-05T12:37:24.039Z",
         "updated_at":"2018-07-05T12:37:24.043Z",
         "notes":""
      }
   },
   {
      "model":"jobs.contact",
      "pk":23,
      "fields":{
         "first_name":"Andrew",
         "middle_name":"",
         "last_name":"Duncan",
         "address":"2003 Battleground Cir",
         "address2":"",
         "city":"Soddy Daisy",
         "state":"TN",
         "zipcode":"37379",
         "phone":"423-847-1171",
         "email":"ajduncan@gmail.com",
         "work_eligibility_proof":true,
         "certified":true,
         "created_at":"2018-07-05T13:14:13.412Z",
         "updated_at":"2018-07-05T13:14:13.415Z",
         "notes":""
      }
   },
   {
      "model":"jobs.contact",
      "pk":24,
      "fields":{
         "first_name":"Andrew",
         "middle_name":"",
         "last_name":"Duncan",
         "address":"2003 Battleground Cir",
         "address2":"",
         "city":"Soddy Daisy",
         "state":"TN",
         "zipcode":"37379",
         "phone":"423-847-1171",
         "email":"ajduncan@gmail.com",
         "work_eligibility_proof":true,
         "certified":true,
         "created_at":"2018-07-05T13:15:56.731Z",
         "updated_at":"2018-07-05T13:15:56.735Z",
         "notes":""
      }
   },
   {
      "model":"jobs.contact",
      "pk":25,
      "fields":{
         "first_name":"Andrew",
         "middle_name":"",
         "last_name":"Duncan",
         "address":"2003 Battleground Cir",
         "address2":"",
         "city":"Soddy Daisy",
         "state":"TN",
         "zipcode":"37379",
         "phone":"423-847-1171",
         "email":"ajduncan@gmail.com",
         "work_eligibility_proof":true,
         "certified":true,
         "created_at":"2018-07-05T13:43:07.718Z",
         "updated_at":"2018-07-05T13:43:07.721Z",
         "notes":""
      }
   },
   {
      "model":"jobs.contact",
      "pk":26,
      "fields":{
         "first_name":"Andrew",
         "middle_name":"",
         "last_name":"Duncan",
         "address":"2003 Battleground Cir",
         "address2":"",
         "city":"Soddy Daisy",
         "state":"TN",
         "zipcode":"37379",
         "phone":"423-847-1171",
         "email":"ajduncan@gmail.com",
         "work_eligibility_proof":true,
         "certified":true,
         "created_at":"2018-07-05T13:43:20.987Z",
         "updated_at":"2018-07-05T13:43:20.990Z",
         "notes":""
      }
   },
   {
      "model":"jobs.contact",
      "pk":27,
      "fields":{
         "first_name":"Andrew",
         "middle_name":"",
         "last_name":"Duncan",
         "address":"2003 Battleground Cir",
         "address2":"",
         "city":"Soddy Daisy",
         "state":"TN",
         "zipcode":"37379",
         "phone":"423-847-1171",
         "email":"ajduncan@gmail.com",
         "work_eligibility_proof":true,
         "certified":true,
         "created_at":"2018-07-05T13:54:43.650Z",
         "updated_at":"2018-07-05T13:54:43.654Z",
         "notes":""
      }
   },
   {
      "model":"jobs.contact",
      "pk":28,
      "fields":{
         "first_name":"Andrew",
         "middle_name":"",
         "last_name":"Duncan",
         "address":"2003 Battleground Cir",
         "address2":"",
         "city":"Soddy Daisy",
         "state":"TN",
         "zipcode":"37379",
         "phone":"423-847-1171",
         "email":"ajduncan@gmail.com",
         "work_eligibility_proof":true,
         "certified":true,
         "created_at":"2018-07-05T13:55:06.344Z",
         "updated_at":"2018-07-05T13:55:06.347Z",
         "notes":""
      }
   },
   {
      "model":"jobs.contact",
      "pk":29,
      "fields":{
         "first_name":"Andrew",
         "middle_name":"",
         "last_name":"Duncan",
         "address":"2003 Battleground Cir",
         "address2":"",
         "city":"Soddy Daisy",
         "state":"TN",
         "zipcode":"37379",
         "phone":"423-847-1171",
         "email":"ajduncan@gmail.com",
         "work_eligibility_proof":true,
         "certified":true,
         "created_at":"2018-07-05T14:00:12.645Z",
         "updated_at":"2018-07-05T14:00:12.649Z",
         "notes":""
      }
   },
   {
      "model":"jobs.contact",
      "pk":30,
      "fields":{
         "first_name":"Andrew",
         "middle_name":"",
         "last_name":"Duncan",
         "address":"2003 Battleground Cir",
         "address2":"",
         "city":"Soddy Daisy",
         "state":"TN",
         "zipcode":"37379",
         "phone":"423-847-1171",
         "email":"ajduncan@gmail.com",
         "work_eligibility_proof":true,
         "certified":true,
         "created_at":"2018-07-05T14:10:54.491Z",
         "updated_at":"2018-07-05T14:11:52.573Z",
         "notes":""
      }
   },
   {
      "model":"jobs.contact",
      "pk":31,
      "fields":{
         "first_name":"Andrew",
         "middle_name":"",
         "last_name":"Duncan",
         "address":"2003 Battleground Cir",
         "address2":"",
         "city":"Soddy Daisy",
         "state":"TN",
         "zipcode":"37379",
         "phone":"423-847-1171",
         "email":"ajduncan@gmail.com",
         "work_eligibility_proof":true,
         "certified":true,
         "created_at":"2018-07-05T14:14:40.365Z",
         "updated_at":"2018-07-05T14:14:40.367Z",
         "notes":""
      }
   },
   {
      "model":"jobs.contact",
      "pk":32,
      "fields":{
         "first_name":"Andrew",
         "middle_name":"",
         "last_name":"Duncan",
         "address":"2003 Battleground Cir",
         "address2":"",
         "city":"Soddy Daisy",
         "state":"TN",
         "zipcode":"37379",
         "phone":"423-847-1171",
         "email":"ajduncan@gmail.com",
         "work_eligibility_proof":true,
         "certified":true,
         "created_at":"2018-07-05T14:16:08.208Z",
         "updated_at":"2018-07-05T14:16:08.212Z",
         "notes":""
      }
   },
   {
      "model":"jobs.contact",
      "pk":33,
      "fields":{
         "first_name":"Andrew",
         "middle_name":"",
         "last_name":"Duncan",
         "address":"2003 Battleground Cir",
         "address2":"",
         "city":"Soddy Daisy",
         "state":"TN",
         "zipcode":"37379",
         "phone":"423-847-1171",
         "email":"ajduncan@gmail.com",
         "work_eligibility_proof":true,
         "certified":true,
         "created_at":"2018-07-05T14:33:31.019Z",
         "updated_at":"2018-07-05T14:33:31.023Z",
         "notes":""
      }
   },
   {
      "model":"jobs.contact",
      "pk":34,
      "fields":{
         "first_name":"Andrew",
         "middle_name":"",
         "last_name":"Duncan",
         "address":"2003 Battleground Cir",
         "address2":"",
         "city":"Soddy Daisy",
         "state":"TN",
         "zipcode":"37379",
         "phone":"423-847-1171",
         "email":"ajduncan@gmail.com",
         "work_eligibility_proof":true,
         "certified":true,
         "created_at":"2018-07-05T14:34:43.892Z",
         "updated_at":"2018-07-05T14:34:43.895Z",
         "notes":""
      }
   },
   {
      "model":"jobs.contact",
      "pk":35,
      "fields":{
         "first_name":"Andrew",
         "middle_name":"",
         "last_name":"Duncan",
         "address":"2003 Battleground Cir",
         "address2":"",
         "city":"Soddy Daisy",
         "state":"TN",
         "zipcode":"37379",
         "phone":"423-847-1171",
         "email":"ajduncan@gmail.com",
         "work_eligibility_proof":true,
         "certified":true,
         "created_at":"2018-07-05T14:36:13.142Z",
         "updated_at":"2018-07-05T14:36:13.145Z",
         "notes":""
      }
   },
   {
      "model":"jobs.contact",
      "pk":36,
      "fields":{
         "first_name":"Andrew",
         "middle_name":"",
         "last_name":"Duncan",
         "address":"2003 Battleground Cir",
         "address2":"",
         "city":"Soddy Daisy",
         "state":"TN",
         "zipcode":"37379",
         "phone":"423-847-1171",
         "email":"ajduncan@gmail.com",
         "work_eligibility_proof":true,
         "certified":true,
         "created_at":"2018-07-05T14:37:03.735Z",
         "updated_at":"2018-07-05T14:37:03.739Z",
         "notes":""
      }
   },
   {
      "model":"jobs.contact",
      "pk":37,
      "fields":{
         "first_name":"Andrew",
         "middle_name":"",
         "last_name":"Duncan",
         "address":"2003 Battleground Cir",
         "address2":"",
         "city":"Soddy Daisy",
         "state":"TN",
         "zipcode":"37379",
         "phone":"423-847-1171",
         "email":"ajduncan@gmail.com",
         "work_eligibility_proof":true,
         "certified":true,
         "created_at":"2018-07-05T14:37:21.339Z",
         "updated_at":"2018-07-05T14:37:21.343Z",
         "notes":""
      }
   },
   {
      "model":"jobs.contact",
      "pk":38,
      "fields":{
         "first_name":"Andrew",
         "middle_name":"",
         "last_name":"Duncan",
         "address":"2003 Battleground Cir",
         "address2":"",
         "city":"Soddy Daisy",
         "state":"TN",
         "zipcode":"37379",
         "phone":"423-847-1171",
         "email":"ajduncan@gmail.com",
         "work_eligibility_proof":true,
         "certified":true,
         "created_at":"2018-07-05T14:48:05.347Z",
         "updated_at":"2018-07-05T14:48:05.351Z",
         "notes":""
      }
   },
   {
      "model":"jobs.workskill",
      "pk":1,
      "fields":{
         "skill":"Kicking"
      }
   },
   {
      "model":"jobs.workskill",
      "pk":2,
      "fields":{
         "skill":"Biting"
      }
   },
   {
      "model":"jobs.workskill",
      "pk":3,
      "fields":{
         "skill":"Punching"
      }
   },
   {
      "model":"jobs.workstate",
      "pk":1,
      "fields":{
         "state":"TN"
      }
   },
   {
      "model":"jobs.workstate",
      "pk":2,
      "fields":{
         "state":"AL"
      }
   },
   {
      "model":"jobs.workstate",
      "pk":3,
      "fields":{
         "state":"GA"
      }
   },
   {
      "model":"jobs.employmentstatus",
      "pk":9,
      "fields":{
         "contact":12,
         "legal_to_work":true,
         "available_to_work":"fulltime",
         "start_work_date":"2018-04-19",
         "currently_employed":true,
         "contact_employer_ok":true,
         "layoff":true,
         "filed_previously":false,
         "filed_previously_date":null,
         "employed_previously":false,
         "employed_previously_date":null,
         "convicted_felon":false,
         "convicted_information":"test",
         "states_available_work":[

         ],
         "work_skills":[

         ]
      }
   },
   {
      "model":"jobs.employmentstatus",
      "pk":10,
      "fields":{
         "contact":16,
         "legal_to_work":true,
         "available_to_work":"fulltime",
         "start_work_date":"2018-07-09",
         "currently_employed":true,
         "contact_employer_ok":true,
         "layoff":true,
         "filed_previously":false,
         "filed_previously_date":null,
         "employed_previously":false,
         "employed_previously_date":null,
         "convicted_felon":false,
         "convicted_information":"",
         "states_available_work":[

         ],
         "work_skills":[

         ]
      }
   },
   {
      "model":"jobs.employmentstatus",
      "pk":11,
      "fields":{
         "contact":17,
         "legal_to_work":true,
         "available_to_work":"fulltime",
         "start_work_date":"2018-07-09",
         "currently_employed":true,
         "contact_employer_ok":true,
         "layoff":true,
         "filed_previously":false,
         "filed_previously_date":null,
         "employed_previously":false,
         "employed_previously_date":null,
         "convicted_felon":false,
         "convicted_information":"",
         "states_available_work":[

         ],
         "work_skills":[

         ]
      }
   },
   {
      "model":"jobs.employmentstatus",
      "pk":13,
      "fields":{
         "contact":18,
         "legal_to_work":true,
         "available_to_work":"fulltime",
         "start_work_date":"2018-07-09",
         "currently_employed":true,
         "contact_employer_ok":true,
         "layoff":true,
         "filed_previously":false,
         "filed_previously_date":null,
         "employed_previously":false,
         "employed_previously_date":null,
         "convicted_felon":false,
         "convicted_information":"",
         "states_available_work":[

         ],
         "work_skills":[

         ]
      }
   },
   {
      "model":"jobs.employmentstatus",
      "pk":15,
      "fields":{
         "contact":21,
         "legal_to_work":true,
         "available_to_work":"fulltime",
         "start_work_date":"2018-07-09",
         "currently_employed":true,
         "contact_employer_ok":true,
         "layoff":true,
         "filed_previously":false,
         "filed_previously_date":null,
         "employed_previously":false,
         "employed_previously_date":null,
         "convicted_felon":false,
         "convicted_information":"",
         "states_available_work":[

         ],
         "work_skills":[

         ]
      }
   },
   {
      "model":"jobs.employmentstatus",
      "pk":18,
      "fields":{
         "contact":29,
         "legal_to_work":true,
         "available_to_work":"fulltime",
         "start_work_date":"2018-07-09",
         "currently_employed":true,
         "contact_employer_ok":true,
         "layoff":true,
         "filed_previously":false,
         "filed_previously_date":null,
         "employed_previously":false,
         "employed_previously_date":null,
         "convicted_felon":false,
         "convicted_information":"",
         "states_available_work":[

         ],
         "work_skills":[

         ]
      }
   },
   {
      "model":"jobs.employmentstatus",
      "pk":19,
      "fields":{
         "contact":30,
         "legal_to_work":true,
         "available_to_work":"fulltime",
         "start_work_date":"2018-07-09",
         "currently_employed":true,
         "contact_employer_ok":true,
         "layoff":true,
         "filed_previously":false,
         "filed_previously_date":null,
         "employed_previously":false,
         "employed_previously_date":null,
         "convicted_felon":false,
         "convicted_information":"",
         "states_available_work":[
            1
         ],
         "work_skills":[
            1
         ]
      }
   },
   {
      "model":"jobs.employmentstatus",
      "pk":20,
      "fields":{
         "contact":31,
         "legal_to_work":true,
         "available_to_work":"fulltime",
         "start_work_date":"2018-07-09",
         "currently_employed":true,
         "contact_employer_ok":true,
         "layoff":true,
         "filed_previously":false,
         "filed_previously_date":null,
         "employed_previously":false,
         "employed_previously_date":null,
         "convicted_felon":false,
         "convicted_information":"",
         "states_available_work":[

         ],
         "work_skills":[

         ]
      }
   },
   {
      "model":"jobs.employmentstatus",
      "pk":22,
      "fields":{
         "contact":33,
         "legal_to_work":true,
         "available_to_work":"fulltime",
         "start_work_date":"2018-07-09",
         "currently_employed":true,
         "contact_employer_ok":true,
         "layoff":true,
         "filed_previously":false,
         "filed_previously_date":null,
         "employed_previously":false,
         "employed_previously_date":null,
         "convicted_felon":false,
         "convicted_information":"",
         "states_available_work":[

         ],
         "work_skills":[

         ]
      }
   },
   {
      "model":"jobs.employmentstatus",
      "pk":23,
      "fields":{
         "contact":36,
         "legal_to_work":true,
         "available_to_work":"fulltime",
         "start_work_date":"2018-07-09",
         "currently_employed":true,
         "contact_employer_ok":true,
         "layoff":true,
         "filed_previously":false,
         "filed_previously_date":null,
         "employed_previously":false,
         "employed_previously_date":null,
         "convicted_felon":false,
         "convicted_information":"",
         "states_available_work":[

         ],
         "work_skills":[

         ]
      }
   },
   {
      "model":"jobs.employmentstatus",
      "pk":24,
      "fields":{
         "contact":37,
         "legal_to_work":true,
         "available_to_work":"fulltime",
         "start_work_date":"2018-07-09",
         "currently_employed":true,
         "contact_employer_ok":true,
         "layoff":true,
         "filed_previously":false,
         "filed_previously_date":null,
         "employed_previously":false,
         "employed_previously_date":null,
         "convicted_felon":false,
         "convicted_information":"",
         "states_available_work":[

         ],
         "work_skills":[

         ]
      }
   },
   {
      "model":"jobs.employmentstatus",
      "pk":25,
      "fields":{
         "contact":38,
         "legal_to_work":true,
         "available_to_work":"fulltime",
         "start_work_date":"2018-07-09",
         "currently_employed":true,
         "contact_employer_ok":true,
         "layoff":true,
         "filed_previously":false,
         "filed_previously_date":null,
         "employed_previously":false,
         "employed_previously_date":null,
         "convicted_felon":false,
         "convicted_information":"",
         "states_available_work":[
            1,
            3
         ],
         "work_skills":[
            1,
            3
         ]
      }
   },
   {
      "model":"jobs.workexperience",
      "pk":6,
      "fields":{
         "contact":12,
         "company_name":"test",
         "city":"test",
         "state":"AL",
         "zipcode":"33333",
         "supervisor":"test",
         "phone":"123-456-7910",
         "email":"test@lols.biz",
         "start_date":"1980-01-25",
         "start_pay":"1.00",
         "start_pay_cycle":"hourly",
         "end_date":"1981-01-27",
         "end_pay":"1.50",
         "end_pay_cycle":"hourly",
         "job_title":"test",
         "work_information":"test"
      }
   },
   {
      "model":"jobs.workexperience",
      "pk":7,
      "fields":{
         "contact":16,
         "company_name":"test",
         "city":"test",
         "state":"AL",
         "zipcode":"33333",
         "supervisor":"test",
         "phone":"444-444-4444",
         "email":"aaa@bb.com",
         "start_date":"2014-01-25",
         "start_pay":"1.00",
         "start_pay_cycle":"hourly",
         "end_date":"2014-01-26",
         "end_pay":"2.00",
         "end_pay_cycle":"hourly",
         "job_title":"the man",
         "work_information":"work"
      }
   },
   {
      "model":"jobs.workexperience",
      "pk":8,
      "fields":{
         "contact":21,
         "company_name":"P.O. Box 34",
         "city":"Soddy Daisy",
         "state":"TN",
         "zipcode":"37379",
         "supervisor":"test",
         "phone":"423-847-1171",
         "email":"ajduncan@gmail.com",
         "start_date":"2014-01-25",
         "start_pay":"0.00",
         "start_pay_cycle":"hourly",
         "end_date":"2014-01-26",
         "end_pay":"0.00",
         "end_pay_cycle":"hourly",
         "job_title":"the man",
         "work_information":"tewt"
      }
   },
   {
      "model":"jobs.workexperience",
      "pk":9,
      "fields":{
         "contact":29,
         "company_name":"P.O. Box 34",
         "city":"Soddy Daisy",
         "state":"TN",
         "zipcode":"37379",
         "supervisor":"test",
         "phone":"423-847-1171",
         "email":"ajduncan@gmail.com",
         "start_date":"2014-01-25",
         "start_pay":"0.00",
         "start_pay_cycle":"hourly",
         "end_date":"2014-01-26",
         "end_pay":"0.00",
         "end_pay_cycle":"hourly",
         "job_title":"the man",
         "work_information":"tewt"
      }
   },
   {
      "model":"jobs.workexperience",
      "pk":10,
      "fields":{
         "contact":30,
         "company_name":"P.O. Box 34",
         "city":"Soddy Daisy",
         "state":"TN",
         "zipcode":"37379",
         "supervisor":"test",
         "phone":"423-847-1171",
         "email":"ajduncan@gmail.com",
         "start_date":"2014-01-25",
         "start_pay":"0.00",
         "start_pay_cycle":"hourly",
         "end_date":"2014-01-26",
         "end_pay":"0.00",
         "end_pay_cycle":"hourly",
         "job_title":"the man",
         "work_information":"tewt"
      }
   },
   {
      "model":"jobs.workexperience",
      "pk":11,
      "fields":{
         "contact":31,
         "company_name":"P.O. Box 34",
         "city":"Soddy Daisy",
         "state":"TN",
         "zipcode":"37379",
         "supervisor":"test",
         "phone":"423-847-1171",
         "email":"ajduncan@gmail.com",
         "start_date":"2014-01-25",
         "start_pay":"0.00",
         "start_pay_cycle":"hourly",
         "end_date":"2014-01-26",
         "end_pay":"0.00",
         "end_pay_cycle":"hourly",
         "job_title":"the man",
         "work_information":"tewt"
      }
   },
   {
      "model":"jobs.workexperience",
      "pk":12,
      "fields":{
         "contact":33,
         "company_name":"P.O. Box 34",
         "city":"Soddy Daisy",
         "state":"TN",
         "zipcode":"37379",
         "supervisor":"test",
         "phone":"423-847-1171",
         "email":"ajduncan@gmail.com",
         "start_date":"2014-01-25",
         "start_pay":"0.00",
         "start_pay_cycle":"hourly",
         "end_date":"2014-01-26",
         "end_pay":"0.00",
         "end_pay_cycle":"hourly",
         "job_title":"the man",
         "work_information":"tewt"
      }
   },
   {
      "model":"jobs.workexperience",
      "pk":13,
      "fields":{
         "contact":36,
         "company_name":"P.O. Box 34",
         "city":"Soddy Daisy",
         "state":"TN",
         "zipcode":"37379",
         "supervisor":"test",
         "phone":"423-847-1171",
         "email":"ajduncan@gmail.com",
         "start_date":"2014-01-25",
         "start_pay":"0.00",
         "start_pay_cycle":"hourly",
         "end_date":"2014-01-26",
         "end_pay":"0.00",
         "end_pay_cycle":"hourly",
         "job_title":"the man",
         "work_information":"tewt"
      }
   },
   {
      "model":"jobs.workexperience",
      "pk":14,
      "fields":{
         "contact":37,
         "company_name":"P.O. Box 34",
         "city":"Soddy Daisy",
         "state":"TN",
         "zipcode":"37379",
         "supervisor":"test",
         "phone":"423-847-1171",
         "email":"ajduncan@gmail.com",
         "start_date":"2014-01-25",
         "start_pay":"0.00",
         "start_pay_cycle":"hourly",
         "end_date":"2014-01-26",
         "end_pay":"0.00",
         "end_pay_cycle":"hourly",
         "job_title":"the man",
         "work_information":"tewt"
      }
   },
   {
      "model":"jobs.workexperience",
      "pk":15,
      "fields":{
         "contact":38,
         "company_name":"P.O. Box 34",
         "city":"Soddy Daisy",
         "state":"TN",
         "zipcode":"37379",
         "supervisor":"test",
         "phone":"423-847-1171",
         "email":"ajduncan@gmail.com",
         "start_date":"2014-01-25",
         "start_pay":"0.00",
         "start_pay_cycle":"hourly",
         "end_date":"2014-01-26",
         "end_pay":"0.00",
         "end_pay_cycle":"hourly",
         "job_title":"the man",
         "work_information":"tewtw"
      }
   },
   {
      "model":"jobs.education",
      "pk":6,
      "fields":{
         "contact":12,
         "school_name":"school",
         "city":"city",
         "state":"TN",
         "zipcode":"33333",
         "years_completed":"1",
         "degree_earned":"None",
         "course_description":"Lol"
      }
   },
   {
      "model":"jobs.education",
      "pk":7,
      "fields":{
         "contact":16,
         "school_name":"school",
         "city":"test",
         "state":"AL",
         "zipcode":"33333",
         "years_completed":"1",
         "degree_earned":"None",
         "course_description":"ngfdngd"
      }
   },
   {
      "model":"jobs.education",
      "pk":8,
      "fields":{
         "contact":21,
         "school_name":"school",
         "city":"Soddy Daisy",
         "state":"TN",
         "zipcode":"37379",
         "years_completed":"1",
         "degree_earned":"None",
         "course_description":"twet"
      }
   },
   {
      "model":"jobs.education",
      "pk":9,
      "fields":{
         "contact":29,
         "school_name":"school",
         "city":"Soddy Daisy",
         "state":"TN",
         "zipcode":"37379",
         "years_completed":"1",
         "degree_earned":"None",
         "course_description":"twet"
      }
   },
   {
      "model":"jobs.education",
      "pk":10,
      "fields":{
         "contact":30,
         "school_name":"school",
         "city":"Soddy Daisy",
         "state":"TN",
         "zipcode":"37379",
         "years_completed":"1",
         "degree_earned":"None",
         "course_description":"twet"
      }
   },
   {
      "model":"jobs.education",
      "pk":11,
      "fields":{
         "contact":31,
         "school_name":"school",
         "city":"Soddy Daisy",
         "state":"TN",
         "zipcode":"37379",
         "years_completed":"1",
         "degree_earned":"None",
         "course_description":"twet"
      }
   },
   {
      "model":"jobs.education",
      "pk":12,
      "fields":{
         "contact":33,
         "school_name":"school",
         "city":"Soddy Daisy",
         "state":"TN",
         "zipcode":"37379",
         "years_completed":"1",
         "degree_earned":"None",
         "course_description":"twet"
      }
   },
   {
      "model":"jobs.education",
      "pk":13,
      "fields":{
         "contact":36,
         "school_name":"school",
         "city":"Soddy Daisy",
         "state":"TN",
         "zipcode":"37379",
         "years_completed":"1",
         "degree_earned":"None",
         "course_description":"twet"
      }
   },
   {
      "model":"jobs.education",
      "pk":14,
      "fields":{
         "contact":37,
         "school_name":"school",
         "city":"Soddy Daisy",
         "state":"TN",
         "zipcode":"37379",
         "years_completed":"1",
         "degree_earned":"None",
         "course_description":"twet"
      }
   },
   {
      "model":"jobs.education",
      "pk":15,
      "fields":{
         "contact":38,
         "school_name":"school",
         "city":"Soddy Daisy",
         "state":"TN",
         "zipcode":"37379",
         "years_completed":"1",
         "degree_earned":"None",
         "course_description":"test"
      }
   },
   {
      "model":"jobs.additionalinformation",
      "pk":6,
      "fields":{
         "contact":12,
         "summary_skills":"test",
         "resume":""
      }
   },
   {
      "model":"jobs.additionalinformation",
      "pk":7,
      "fields":{
         "contact":16,
         "summary_skills":"dgnngng",
         "resume":""
      }
   },
   {
      "model":"jobs.additionalinformation",
      "pk":8,
      "fields":{
         "contact":21,
         "summary_skills":"wwtwetw",
         "resume":""
      }
   },
   {
      "model":"jobs.additionalinformation",
      "pk":9,
      "fields":{
         "contact":29,
         "summary_skills":"wwtwetw",
         "resume":""
      }
   },
   {
      "model":"jobs.additionalinformation",
      "pk":10,
      "fields":{
         "contact":30,
         "summary_skills":"wwtwetw",
         "resume":""
      }
   },
   {
      "model":"jobs.additionalinformation",
      "pk":11,
      "fields":{
         "contact":31,
         "summary_skills":"wwtwetw",
         "resume":""
      }
   },
   {
      "model":"jobs.additionalinformation",
      "pk":12,
      "fields":{
         "contact":33,
         "summary_skills":"wwtwetw",
         "resume":""
      }
   },
   {
      "model":"jobs.additionalinformation",
      "pk":13,
      "fields":{
         "contact":36,
         "summary_skills":"wwtwetw",
         "resume":""
      }
   },
   {
      "model":"jobs.additionalinformation",
      "pk":14,
      "fields":{
         "contact":37,
         "summary_skills":"wwtwetw",
         "resume":""
      }
   },
   {
      "model":"jobs.additionalinformation",
      "pk":15,
      "fields":{
         "contact":38,
         "summary_skills":"tewtwtwet",
         "resume":""
      }
   },
   {
      "model":"jobs.reference",
      "pk":16,
      "fields":{
         "contact":12,
         "reference_name":"ref1",
         "reference_location":"city1, state2",
         "reference_phone":"423-847-1171"
      }
   },
   {
      "model":"jobs.reference",
      "pk":17,
      "fields":{
         "contact":12,
         "reference_name":"ref2",
         "reference_location":"city2, state2",
         "reference_phone":"423-555-5555"
      }
   },
   {
      "model":"jobs.reference",
      "pk":18,
      "fields":{
         "contact":12,
         "reference_name":"ref3",
         "reference_location":"city3, state3",
         "reference_phone":"423-555-5551"
      }
   },
   {
      "model":"jobs.reference",
      "pk":19,
      "fields":{
         "contact":16,
         "reference_name":"ref1",
         "reference_location":"city1, state2",
         "reference_phone":"423-847-1171"
      }
   },
   {
      "model":"jobs.reference",
      "pk":20,
      "fields":{
         "contact":16,
         "reference_name":"ref2",
         "reference_location":"city2, state2",
         "reference_phone":"423-555-5555"
      }
   },
   {
      "model":"jobs.reference",
      "pk":21,
      "fields":{
         "contact":16,
         "reference_name":"ref3",
         "reference_location":"city3, state3",
         "reference_phone":"423-555-5551"
      }
   },
   {
      "model":"jobs.reference",
      "pk":22,
      "fields":{
         "contact":21,
         "reference_name":"ref1",
         "reference_location":"city1, state2",
         "reference_phone":"423-847-1171"
      }
   },
   {
      "model":"jobs.reference",
      "pk":23,
      "fields":{
         "contact":21,
         "reference_name":"ref2",
         "reference_location":"city2, state2",
         "reference_phone":"423-455-5555"
      }
   },
   {
      "model":"jobs.reference",
      "pk":24,
      "fields":{
         "contact":21,
         "reference_name":"ref3",
         "reference_location":"city3, state3",
         "reference_phone":"423-555-5555"
      }
   },
   {
      "model":"jobs.reference",
      "pk":25,
      "fields":{
         "contact":29,
         "reference_name":"ref1",
         "reference_location":"city1, state2",
         "reference_phone":"423-847-1171"
      }
   },
   {
      "model":"jobs.reference",
      "pk":26,
      "fields":{
         "contact":29,
         "reference_name":"ref2",
         "reference_location":"city2, state2",
         "reference_phone":"423-455-5555"
      }
   },
   {
      "model":"jobs.reference",
      "pk":27,
      "fields":{
         "contact":29,
         "reference_name":"ref3",
         "reference_location":"city3, state3",
         "reference_phone":"423-555-5555"
      }
   },
   {
      "model":"jobs.reference",
      "pk":28,
      "fields":{
         "contact":30,
         "reference_name":"ref1",
         "reference_location":"city1, state2",
         "reference_phone":"423-847-1171"
      }
   },
   {
      "model":"jobs.reference",
      "pk":29,
      "fields":{
         "contact":30,
         "reference_name":"ref2",
         "reference_location":"city2, state2",
         "reference_phone":"423-455-5555"
      }
   },
   {
      "model":"jobs.reference",
      "pk":30,
      "fields":{
         "contact":30,
         "reference_name":"ref3",
         "reference_location":"city3, state3",
         "reference_phone":"423-555-5555"
      }
   },
   {
      "model":"jobs.reference",
      "pk":31,
      "fields":{
         "contact":31,
         "reference_name":"ref1",
         "reference_location":"city1, state2",
         "reference_phone":"423-847-1171"
      }
   },
   {
      "model":"jobs.reference",
      "pk":32,
      "fields":{
         "contact":31,
         "reference_name":"ref2",
         "reference_location":"city2, state2",
         "reference_phone":"423-455-5555"
      }
   },
   {
      "model":"jobs.reference",
      "pk":33,
      "fields":{
         "contact":31,
         "reference_name":"ref3",
         "reference_location":"city3, state3",
         "reference_phone":"423-555-5555"
      }
   },
   {
      "model":"jobs.reference",
      "pk":34,
      "fields":{
         "contact":33,
         "reference_name":"ref1",
         "reference_location":"city1, state2",
         "reference_phone":"423-847-1171"
      }
   },
   {
      "model":"jobs.reference",
      "pk":35,
      "fields":{
         "contact":33,
         "reference_name":"ref2",
         "reference_location":"city2, state2",
         "reference_phone":"423-455-5555"
      }
   },
   {
      "model":"jobs.reference",
      "pk":36,
      "fields":{
         "contact":33,
         "reference_name":"ref3",
         "reference_location":"city3, state3",
         "reference_phone":"423-555-5555"
      }
   },
   {
      "model":"jobs.reference",
      "pk":37,
      "fields":{
         "contact":36,
         "reference_name":"ref1",
         "reference_location":"city1, state2",
         "reference_phone":"423-847-1171"
      }
   },
   {
      "model":"jobs.reference",
      "pk":38,
      "fields":{
         "contact":36,
         "reference_name":"ref2",
         "reference_location":"city2, state2",
         "reference_phone":"423-455-5555"
      }
   },
   {
      "model":"jobs.reference",
      "pk":39,
      "fields":{
         "contact":36,
         "reference_name":"ref3",
         "reference_location":"city3, state3",
         "reference_phone":"423-555-5555"
      }
   },
   {
      "model":"jobs.reference",
      "pk":40,
      "fields":{
         "contact":37,
         "reference_name":"ref1",
         "reference_location":"city1, state2",
         "reference_phone":"423-847-1171"
      }
   },
   {
      "model":"jobs.reference",
      "pk":41,
      "fields":{
         "contact":37,
         "reference_name":"ref2",
         "reference_location":"city2, state2",
         "reference_phone":"423-455-5555"
      }
   },
   {
      "model":"jobs.reference",
      "pk":42,
      "fields":{
         "contact":37,
         "reference_name":"ref3",
         "reference_location":"city3, state3",
         "reference_phone":"423-555-5555"
      }
   },
   {
      "model":"jobs.reference",
      "pk":43,
      "fields":{
         "contact":38,
         "reference_name":"ref1",
         "reference_location":"city1, state2",
         "reference_phone":"423-847-1171"
      }
   },
   {
      "model":"jobs.reference",
      "pk":44,
      "fields":{
         "contact":38,
         "reference_name":"ref2",
         "reference_location":"city2, state2",
         "reference_phone":"423-555-5555"
      }
   },
   {
      "model":"jobs.reference",
      "pk":45,
      "fields":{
         "contact":38,
         "reference_name":"ref3",
         "reference_location":"city3, state3",
         "reference_phone":"423-555-5551"
      }
   },
   {
      "model":"pm.projectcategory",
      "pk":2,
      "fields":{
         "name":"Plumbing",
         "order":2
      }
   },
   {
      "model":"pm.projectcategory",
      "pk":3,
      "fields":{
         "name":"Construction",
         "order":1
      }
   },
   {
      "model":"pm.project",
      "pk":1,
      "fields":{
         "name":"Test Project",
         "description":"At test project",
         "engineer":"Dilbert",
         "owner":"Pointyhair",
         "location":"Office",
         "cost":"1234.00",
         "status":"current",
         "categories":[

         ]
      }
   },
   {
      "model":"pm.projectphoto",
      "pk":3,
      "fields":{
         "project":1,
         "photo":"project_photos/a17bd510-915e-4665-90e2-79739d5b61d2.jpg",
         "title":"The title!"
      }
   },
   {
      "model":"pm.projectphoto",
      "pk":4,
      "fields":{
         "project":1,
         "photo":"project_photos/7c481737-dde5-4316-8495-35d231e3e4ec.jpg",
         "title":"guess who??"
      }
   },
   {
      "model":"auth.permission",
      "pk":1,
      "fields":{
         "name":"Can add log entry",
         "content_type":1,
         "codename":"add_logentry"
      }
   },
   {
      "model":"auth.permission",
      "pk":2,
      "fields":{
         "name":"Can change log entry",
         "content_type":1,
         "codename":"change_logentry"
      }
   },
   {
      "model":"auth.permission",
      "pk":3,
      "fields":{
         "name":"Can delete log entry",
         "content_type":1,
         "codename":"delete_logentry"
      }
   },
   {
      "model":"auth.permission",
      "pk":4,
      "fields":{
         "name":"Can add permission",
         "content_type":2,
         "codename":"add_permission"
      }
   },
   {
      "model":"auth.permission",
      "pk":5,
      "fields":{
         "name":"Can change permission",
         "content_type":2,
         "codename":"change_permission"
      }
   },
   {
      "model":"auth.permission",
      "pk":6,
      "fields":{
         "name":"Can delete permission",
         "content_type":2,
         "codename":"delete_permission"
      }
   },
   {
      "model":"auth.permission",
      "pk":7,
      "fields":{
         "name":"Can add group",
         "content_type":3,
         "codename":"add_group"
      }
   },
   {
      "model":"auth.permission",
      "pk":8,
      "fields":{
         "name":"Can change group",
         "content_type":3,
         "codename":"change_group"
      }
   },
   {
      "model":"auth.permission",
      "pk":9,
      "fields":{
         "name":"Can delete group",
         "content_type":3,
         "codename":"delete_group"
      }
   },
   {
      "model":"auth.permission",
      "pk":10,
      "fields":{
         "name":"Can add user",
         "content_type":4,
         "codename":"add_user"
      }
   },
   {
      "model":"auth.permission",
      "pk":11,
      "fields":{
         "name":"Can change user",
         "content_type":4,
         "codename":"change_user"
      }
   },
   {
      "model":"auth.permission",
      "pk":12,
      "fields":{
         "name":"Can delete user",
         "content_type":4,
         "codename":"delete_user"
      }
   },
   {
      "model":"auth.permission",
      "pk":13,
      "fields":{
         "name":"Can add content type",
         "content_type":5,
         "codename":"add_contenttype"
      }
   },
   {
      "model":"auth.permission",
      "pk":14,
      "fields":{
         "name":"Can change content type",
         "content_type":5,
         "codename":"change_contenttype"
      }
   },
   {
      "model":"auth.permission",
      "pk":15,
      "fields":{
         "name":"Can delete content type",
         "content_type":5,
         "codename":"delete_contenttype"
      }
   },
   {
      "model":"auth.permission",
      "pk":16,
      "fields":{
         "name":"Can add session",
         "content_type":6,
         "codename":"add_session"
      }
   },
   {
      "model":"auth.permission",
      "pk":17,
      "fields":{
         "name":"Can change session",
         "content_type":6,
         "codename":"change_session"
      }
   },
   {
      "model":"auth.permission",
      "pk":18,
      "fields":{
         "name":"Can delete session",
         "content_type":6,
         "codename":"delete_session"
      }
   },
   {
      "model":"auth.permission",
      "pk":19,
      "fields":{
         "name":"Can add contact",
         "content_type":7,
         "codename":"add_contact"
      }
   },
   {
      "model":"auth.permission",
      "pk":20,
      "fields":{
         "name":"Can change contact",
         "content_type":7,
         "codename":"change_contact"
      }
   },
   {
      "model":"auth.permission",
      "pk":21,
      "fields":{
         "name":"Can delete contact",
         "content_type":7,
         "codename":"delete_contact"
      }
   },
   {
      "model":"auth.permission",
      "pk":22,
      "fields":{
         "name":"Can add employment status",
         "content_type":8,
         "codename":"add_employmentstatus"
      }
   },
   {
      "model":"auth.permission",
      "pk":23,
      "fields":{
         "name":"Can change employment status",
         "content_type":8,
         "codename":"change_employmentstatus"
      }
   },
   {
      "model":"auth.permission",
      "pk":24,
      "fields":{
         "name":"Can delete employment status",
         "content_type":8,
         "codename":"delete_employmentstatus"
      }
   },
   {
      "model":"auth.permission",
      "pk":25,
      "fields":{
         "name":"Can add work experience",
         "content_type":9,
         "codename":"add_workexperience"
      }
   },
   {
      "model":"auth.permission",
      "pk":26,
      "fields":{
         "name":"Can change work experience",
         "content_type":9,
         "codename":"change_workexperience"
      }
   },
   {
      "model":"auth.permission",
      "pk":27,
      "fields":{
         "name":"Can delete work experience",
         "content_type":9,
         "codename":"delete_workexperience"
      }
   },
   {
      "model":"auth.permission",
      "pk":28,
      "fields":{
         "name":"Can add education",
         "content_type":10,
         "codename":"add_education"
      }
   },
   {
      "model":"auth.permission",
      "pk":29,
      "fields":{
         "name":"Can change education",
         "content_type":10,
         "codename":"change_education"
      }
   },
   {
      "model":"auth.permission",
      "pk":30,
      "fields":{
         "name":"Can delete education",
         "content_type":10,
         "codename":"delete_education"
      }
   },
   {
      "model":"auth.permission",
      "pk":31,
      "fields":{
         "name":"Can add additional information",
         "content_type":11,
         "codename":"add_additionalinformation"
      }
   },
   {
      "model":"auth.permission",
      "pk":32,
      "fields":{
         "name":"Can change additional information",
         "content_type":11,
         "codename":"change_additionalinformation"
      }
   },
   {
      "model":"auth.permission",
      "pk":33,
      "fields":{
         "name":"Can delete additional information",
         "content_type":11,
         "codename":"delete_additionalinformation"
      }
   },
   {
      "model":"auth.permission",
      "pk":34,
      "fields":{
         "name":"Can add reference",
         "content_type":12,
         "codename":"add_reference"
      }
   },
   {
      "model":"auth.permission",
      "pk":35,
      "fields":{
         "name":"Can change reference",
         "content_type":12,
         "codename":"change_reference"
      }
   },
   {
      "model":"auth.permission",
      "pk":36,
      "fields":{
         "name":"Can delete reference",
         "content_type":12,
         "codename":"delete_reference"
      }
   },
   {
      "model":"auth.permission",
      "pk":37,
      "fields":{
         "name":"Can add work state",
         "content_type":13,
         "codename":"add_workstate"
      }
   },
   {
      "model":"auth.permission",
      "pk":38,
      "fields":{
         "name":"Can change work state",
         "content_type":13,
         "codename":"change_workstate"
      }
   },
   {
      "model":"auth.permission",
      "pk":39,
      "fields":{
         "name":"Can delete work state",
         "content_type":13,
         "codename":"delete_workstate"
      }
   },
   {
      "model":"auth.permission",
      "pk":40,
      "fields":{
         "name":"Can add work skill",
         "content_type":14,
         "codename":"add_workskill"
      }
   },
   {
      "model":"auth.permission",
      "pk":41,
      "fields":{
         "name":"Can change work skill",
         "content_type":14,
         "codename":"change_workskill"
      }
   },
   {
      "model":"auth.permission",
      "pk":42,
      "fields":{
         "name":"Can delete work skill",
         "content_type":14,
         "codename":"delete_workskill"
      }
   },
   {
      "model":"auth.permission",
      "pk":43,
      "fields":{
         "name":"Can add Project",
         "content_type":15,
         "codename":"add_project"
      }
   },
   {
      "model":"auth.permission",
      "pk":44,
      "fields":{
         "name":"Can change Project",
         "content_type":15,
         "codename":"change_project"
      }
   },
   {
      "model":"auth.permission",
      "pk":45,
      "fields":{
         "name":"Can delete Project",
         "content_type":15,
         "codename":"delete_project"
      }
   },
   {
      "model":"auth.permission",
      "pk":46,
      "fields":{
         "name":"Can add Project Photo",
         "content_type":16,
         "codename":"add_projectphoto"
      }
   },
   {
      "model":"auth.permission",
      "pk":47,
      "fields":{
         "name":"Can change Project Photo",
         "content_type":16,
         "codename":"change_projectphoto"
      }
   },
   {
      "model":"auth.permission",
      "pk":48,
      "fields":{
         "name":"Can delete Project Photo",
         "content_type":16,
         "codename":"delete_projectphoto"
      }
   },
   {
      "model":"auth.permission",
      "pk":49,
      "fields":{
         "name":"Can add Slideshow photo",
         "content_type":17,
         "codename":"add_slideshow"
      }
   },
   {
      "model":"auth.permission",
      "pk":50,
      "fields":{
         "name":"Can change Slideshow photo",
         "content_type":17,
         "codename":"change_slideshow"
      }
   },
   {
      "model":"auth.permission",
      "pk":51,
      "fields":{
         "name":"Can delete Slideshow photo",
         "content_type":17,
         "codename":"delete_slideshow"
      }
   },
   {
      "model":"auth.permission",
      "pk":52,
      "fields":{
         "name":"Can add Project Cateogry",
         "content_type":18,
         "codename":"add_projectcategory"
      }
   },
   {
      "model":"auth.permission",
      "pk":53,
      "fields":{
         "name":"Can change Project Cateogry",
         "content_type":18,
         "codename":"change_projectcategory"
      }
   },
   {
      "model":"auth.permission",
      "pk":54,
      "fields":{
         "name":"Can delete Project Cateogry",
         "content_type":18,
         "codename":"delete_projectcategory"
      }
   },
   {
      "model":"auth.user",
      "pk":1,
      "fields":{
         "password":"pbkdf2_sha256$24000$of1msRi1OY1F$aMxqObDnZ+6tx/AAHR0sEFflgUiCubZO9KxO4MkQPq4=",
         "last_login":"2018-07-04T21:14:31.709Z",
         "is_superuser":true,
         "username":"admin",
         "first_name":"",
         "last_name":"",
         "email":"admin@localhost",
         "is_staff":true,
         "is_active":true,
         "date_joined":"2016-09-29T15:44:46.027Z",
         "groups":[

         ],
         "user_permissions":[

         ]
      }
   },
   {
      "model":"admin.logentry",
      "pk":1,
      "fields":{
         "action_time":"2018-04-15T17:22:27.683Z",
         "user":1,
         "content_type":13,
         "object_id":"1",
         "object_repr":"WorkState object",
         "action_flag":1,
         "change_message":"Added."
      }
   },
   {
      "model":"admin.logentry",
      "pk":2,
      "fields":{
         "action_time":"2018-04-15T17:27:03.569Z",
         "user":1,
         "content_type":13,
         "object_id":"2",
         "object_repr":"AL",
         "action_flag":1,
         "change_message":"Added."
      }
   },
   {
      "model":"admin.logentry",
      "pk":3,
      "fields":{
         "action_time":"2018-04-15T17:27:13.139Z",
         "user":1,
         "content_type":13,
         "object_id":"3",
         "object_repr":"GA",
         "action_flag":1,
         "change_message":"Added."
      }
   },
   {
      "model":"admin.logentry",
      "pk":4,
      "fields":{
         "action_time":"2018-04-15T18:40:49.235Z",
         "user":1,
         "content_type":7,
         "object_id":"1",
         "object_repr":"Andrew  Duncan",
         "action_flag":2,
         "change_message":"Changed states_available_work for Employment Status \"Andrew  Duncan\". Changed reference_name, reference_location and reference_phone for Reference \"Andrew  Duncan\". Changed reference_name, reference_location and reference_phone for Reference \"Andrew  Duncan\"."
      }
   },
   {
      "model":"admin.logentry",
      "pk":5,
      "fields":{
         "action_time":"2018-04-15T18:41:17.760Z",
         "user":1,
         "content_type":7,
         "object_id":"4",
         "object_repr":"Andrew  Duncan",
         "action_flag":3,
         "change_message":""
      }
   },
   {
      "model":"admin.logentry",
      "pk":6,
      "fields":{
         "action_time":"2018-04-15T18:41:17.764Z",
         "user":1,
         "content_type":7,
         "object_id":"3",
         "object_repr":"Andrew  Duncan",
         "action_flag":3,
         "change_message":""
      }
   },
   {
      "model":"admin.logentry",
      "pk":7,
      "fields":{
         "action_time":"2018-04-15T18:41:17.767Z",
         "user":1,
         "content_type":7,
         "object_id":"2",
         "object_repr":"Andrew  Duncan",
         "action_flag":3,
         "change_message":""
      }
   },
   {
      "model":"admin.logentry",
      "pk":8,
      "fields":{
         "action_time":"2018-04-15T22:51:35.286Z",
         "user":1,
         "content_type":7,
         "object_id":"10",
         "object_repr":"Andrew  Duncan",
         "action_flag":3,
         "change_message":""
      }
   },
   {
      "model":"admin.logentry",
      "pk":9,
      "fields":{
         "action_time":"2018-04-15T22:51:35.290Z",
         "user":1,
         "content_type":7,
         "object_id":"9",
         "object_repr":"Andrew  Duncan",
         "action_flag":3,
         "change_message":""
      }
   },
   {
      "model":"admin.logentry",
      "pk":10,
      "fields":{
         "action_time":"2018-04-15T22:51:35.292Z",
         "user":1,
         "content_type":7,
         "object_id":"8",
         "object_repr":"Andrew  Duncan",
         "action_flag":3,
         "change_message":""
      }
   },
   {
      "model":"admin.logentry",
      "pk":11,
      "fields":{
         "action_time":"2018-04-15T22:51:35.293Z",
         "user":1,
         "content_type":7,
         "object_id":"7",
         "object_repr":"Andrew  Duncan",
         "action_flag":3,
         "change_message":""
      }
   },
   {
      "model":"admin.logentry",
      "pk":12,
      "fields":{
         "action_time":"2018-04-15T22:51:35.294Z",
         "user":1,
         "content_type":7,
         "object_id":"6",
         "object_repr":"Andrew  Duncan",
         "action_flag":3,
         "change_message":""
      }
   },
   {
      "model":"admin.logentry",
      "pk":13,
      "fields":{
         "action_time":"2018-04-15T22:51:35.295Z",
         "user":1,
         "content_type":7,
         "object_id":"5",
         "object_repr":"Andrew  Duncan",
         "action_flag":3,
         "change_message":""
      }
   },
   {
      "model":"admin.logentry",
      "pk":14,
      "fields":{
         "action_time":"2018-04-15T22:51:35.297Z",
         "user":1,
         "content_type":7,
         "object_id":"1",
         "object_repr":"Andrew  Duncan",
         "action_flag":3,
         "change_message":""
      }
   },
   {
      "model":"admin.logentry",
      "pk":15,
      "fields":{
         "action_time":"2018-04-15T22:56:35.676Z",
         "user":1,
         "content_type":7,
         "object_id":"11",
         "object_repr":"Andrew  Duncan",
         "action_flag":3,
         "change_message":""
      }
   },
   {
      "model":"admin.logentry",
      "pk":16,
      "fields":{
         "action_time":"2018-07-04T21:16:23.827Z",
         "user":1,
         "content_type":14,
         "object_id":"1",
         "object_repr":"Kicking",
         "action_flag":1,
         "change_message":"Added."
      }
   },
   {
      "model":"admin.logentry",
      "pk":17,
      "fields":{
         "action_time":"2018-07-04T21:16:30.495Z",
         "user":1,
         "content_type":14,
         "object_id":"2",
         "object_repr":"Biting",
         "action_flag":1,
         "change_message":"Added."
      }
   },
   {
      "model":"admin.logentry",
      "pk":18,
      "fields":{
         "action_time":"2018-07-04T21:16:36.185Z",
         "user":1,
         "content_type":14,
         "object_id":"3",
         "object_repr":"Punching",
         "action_flag":1,
         "change_message":"Added."
      }
   },
   {
      "model":"admin.logentry",
      "pk":19,
      "fields":{
         "action_time":"2018-07-05T14:11:52.588Z",
         "user":1,
         "content_type":7,
         "object_id":"30",
         "object_repr":"Andrew  Duncan",
         "action_flag":2,
         "change_message":"Changed states_available_work and work_skills for Employment Status \"Andrew  Duncan\"."
      }
   },
   {
      "model":"admin.logentry",
      "pk":20,
      "fields":{
         "action_time":"2018-07-10T22:15:52.985Z",
         "user":1,
         "content_type":15,
         "object_id":"1",
         "object_repr":"Test Project Office",
         "action_flag":1,
         "change_message":"Added."
      }
   },
   {
      "model":"admin.logentry",
      "pk":21,
      "fields":{
         "action_time":"2018-07-10T22:22:32.981Z",
         "user":1,
         "content_type":16,
         "object_id":"1",
         "object_repr":"ProjectPhoto object",
         "action_flag":1,
         "change_message":"Added."
      }
   },
   {
      "model":"admin.logentry",
      "pk":22,
      "fields":{
         "action_time":"2018-07-10T23:40:35.224Z",
         "user":1,
         "content_type":16,
         "object_id":"2",
         "object_repr":"ProjectPhoto object",
         "action_flag":1,
         "change_message":"Added."
      }
   },
   {
      "model":"admin.logentry",
      "pk":23,
      "fields":{
         "action_time":"2018-07-10T23:50:06.070Z",
         "user":1,
         "content_type":16,
         "object_id":"2",
         "object_repr":"ProjectPhoto object",
         "action_flag":3,
         "change_message":""
      }
   },
   {
      "model":"admin.logentry",
      "pk":24,
      "fields":{
         "action_time":"2018-07-10T23:50:10.204Z",
         "user":1,
         "content_type":16,
         "object_id":"1",
         "object_repr":"ProjectPhoto object",
         "action_flag":3,
         "change_message":""
      }
   },
   {
      "model":"admin.logentry",
      "pk":25,
      "fields":{
         "action_time":"2018-07-10T23:51:26.713Z",
         "user":1,
         "content_type":16,
         "object_id":"3",
         "object_repr":"ProjectPhoto object",
         "action_flag":1,
         "change_message":"Added."
      }
   },
   {
      "model":"admin.logentry",
      "pk":26,
      "fields":{
         "action_time":"2018-07-11T17:01:38.262Z",
         "user":1,
         "content_type":16,
         "object_id":"3",
         "object_repr":"Test Project: The title!",
         "action_flag":2,
         "change_message":"Changed title."
      }
   },
   {
      "model":"admin.logentry",
      "pk":27,
      "fields":{
         "action_time":"2018-07-11T17:20:46.177Z",
         "user":1,
         "content_type":15,
         "object_id":"1",
         "object_repr":"Test Project Office",
         "action_flag":2,
         "change_message":"Added Project Photo \"Test Project: guess who??\"."
      }
   },
   {
      "model":"admin.logentry",
      "pk":28,
      "fields":{
         "action_time":"2018-07-11T17:40:21.950Z",
         "user":1,
         "content_type":18,
         "object_id":"2",
         "object_repr":"Plumbing",
         "action_flag":1,
         "change_message":"Added."
      }
   },
   {
      "model":"admin.logentry",
      "pk":29,
      "fields":{
         "action_time":"2018-07-11T17:40:34.885Z",
         "user":1,
         "content_type":18,
         "object_id":"3",
         "object_repr":"Construction",
         "action_flag":1,
         "change_message":"Added."
      }
   },
   {
      "model":"admin.logentry",
      "pk":30,
      "fields":{
         "action_time":"2018-07-11T19:01:59.715Z",
         "user":1,
         "content_type":18,
         "object_id":"3",
         "object_repr":"Construction",
         "action_flag":2,
         "change_message":"Changed position."
      }
   },
   {
      "model":"admin.logentry",
      "pk":31,
      "fields":{
         "action_time":"2018-07-11T19:02:06.140Z",
         "user":1,
         "content_type":18,
         "object_id":"2",
         "object_repr":"Plumbing",
         "action_flag":2,
         "change_message":"Changed position."
      }
   },
   {
      "model":"admin.logentry",
      "pk":32,
      "fields":{
         "action_time":"2018-07-11T19:02:11.996Z",
         "user":1,
         "content_type":18,
         "object_id":"3",
         "object_repr":"Construction",
         "action_flag":2,
         "change_message":"Changed position."
      }
   },
   {
      "model":"admin.logentry",
      "pk":33,
      "fields":{
         "action_time":"2018-07-11T19:02:22.397Z",
         "user":1,
         "content_type":18,
         "object_id":"2",
         "object_repr":"Plumbing",
         "action_flag":2,
         "change_message":"Changed position."
      }
   },
   {
      "model":"admin.logentry",
      "pk":34,
      "fields":{
         "action_time":"2018-07-11T19:17:19.183Z",
         "user":1,
         "content_type":18,
         "object_id":"3",
         "object_repr":"Construction",
         "action_flag":2,
         "change_message":"Changed order."
      }
   },
   {
      "model":"admin.logentry",
      "pk":35,
      "fields":{
         "action_time":"2018-07-11T19:17:23.864Z",
         "user":1,
         "content_type":18,
         "object_id":"2",
         "object_repr":"Plumbing",
         "action_flag":2,
         "change_message":"Changed order."
      }
   },
   {
      "model":"admin.logentry",
      "pk":36,
      "fields":{
         "action_time":"2018-07-11T19:42:56.862Z",
         "user":1,
         "content_type":16,
         "object_id":"4",
         "object_repr":"Test Project: guess who??",
         "action_flag":2,
         "change_message":"Changed photo."
      }
   },
   {
      "model":"admin.logentry",
      "pk":37,
      "fields":{
         "action_time":"2018-07-11T19:43:07.770Z",
         "user":1,
         "content_type":16,
         "object_id":"4",
         "object_repr":"Test Project: guess who??",
         "action_flag":2,
         "change_message":"Changed photo."
      }
   }
]
